[
  {
    "_id": "5811bce6863ed24f89738a38",
    "index": 0,
    "guid": "fe0a607a-b65c-48cb-9387-b1c87257cb16",
    "isActive": false,
    "balance": "$3,289.81",
    "picture": "http://placehold.it/32x32",
    "age": 29,
    "eyeColor": "blue",
    "name": "Ila Rocha",
    "gender": "female",
    "company": "PROXSOFT",
    "email": "ilarocha@proxsoft.com",
    "phone": "+1 (815) 444-2459",
    "address": "875 Quay Street, Ripley, Northern Mariana Islands, 701",
    "about": "Dolor in enim velit incididunt adipisicing cillum pariatur irure. Laboris ea magna adipisicing ut mollit aute minim id occaecat proident anim amet fugiat. Nisi eiusmod tempor aliqua Lorem. Ea veniam dolore aliquip id dolore eiusmod tempor excepteur mollit veniam eu irure. In sunt ipsum et dolor ipsum cupidatat magna exercitation tempor ex eu.\r\n",
    "registered": "2016-05-06T07:28:04 +04:00",
    "latitude": -5.868327,
    "longitude": -1.375209,
    "tags": [
      "incididunt",
      "id",
      "consequat",
      "do",
      "consequat",
      "incididunt",
      "consectetur"
    ],
    "friends": [
      {
        "id": 0,
        "name": "Chris Madden"
      },
      {
        "id": 1,
        "name": "Martina Hebert"
      },
      {
        "id": 2,
        "name": "Whitley Mcclure"
      }
    ],
    "greeting": "Hello, Ila Rocha! You have 2 unread messages.",
    "favoriteFruit": "strawberry"
  },
  {
    "_id": "5811bce6bd0c5307b41fa871",
    "index": 1,
    "guid": "362bd5b1-3669-486b-9c0a-769250949462",
    "isActive": false,
    "balance": "$2,103.59",
    "picture": "http://placehold.it/32x32",
    "age": 24,
    "eyeColor": "green",
    "name": "Nguyen Cain",
    "gender": "male",
    "company": "TRANSLINK",
    "email": "nguyencain@translink.com",
    "phone": "+1 (894) 420-2532",
    "address": "477 Otsego Street, Jacksonwald, Minnesota, 3931",
    "about": "Id irure sint ad proident aliquip laboris nulla aliqua. Deserunt ea aliquip elit non aliquip aute qui reprehenderit quis et. Aute occaecat anim eu dolor voluptate irure fugiat cillum ipsum enim laboris aute.\r\n",
    "registered": "2016-06-11T04:56:56 +04:00",
    "latitude": -84.920783,
    "longitude": -119.026742,
    "tags": [
      "anim",
      "irure",
      "esse",
      "enim",
      "consectetur",
      "id",
      "labore"
    ],
    "friends": [
      {
        "id": 0,
        "name": "Collins Ayers"
      },
      {
        "id": 1,
        "name": "Robyn Head"
      },
      {
        "id": 2,
        "name": "Hyde Duran"
      }
    ],
    "greeting": "Hello, Nguyen Cain! You have 9 unread messages.",
    "favoriteFruit": "strawberry"
  },
  {
    "_id": "5811bce66b2656f1661c50f0",
    "index": 2,
    "guid": "a4a2e6eb-4824-459e-97a0-923b7fb58860",
    "isActive": true,
    "balance": "$3,201.77",
    "picture": "http://placehold.it/32x32",
    "age": 20,
    "eyeColor": "blue",
    "name": "Carlene Hartman",
    "gender": "female",
    "company": "PATHWAYS",
    "email": "carlenehartman@pathways.com",
    "phone": "+1 (990) 440-3252",
    "address": "582 Schenck Avenue, Finderne, Iowa, 874",
    "about": "Officia laborum est ipsum in anim aute in elit. Sunt non esse amet laborum magna. Ea officia sunt laborum culpa dolor in non est aliquip veniam deserunt. Magna commodo adipisicing esse est. Qui eu ea duis proident anim incididunt. Ea velit excepteur duis sint sint et laborum mollit sint est officia eu. Velit enim eu dolor eiusmod sunt irure aute eu velit pariatur dolor proident aute.\r\n",
    "registered": "2014-11-20T04:21:13 +05:00",
    "latitude": -21.711717,
    "longitude": -105.396455,
    "tags": [
      "ipsum",
      "id",
      "et",
      "incididunt",
      "velit",
      "adipisicing",
      "incididunt"
    ],
    "friends": [
      {
        "id": 0,
        "name": "Phelps Mcknight"
      },
      {
        "id": 1,
        "name": "Bryant Ortiz"
      },
      {
        "id": 2,
        "name": "Kristen Mckinney"
      }
    ],
    "greeting": "Hello, Carlene Hartman! You have 4 unread messages.",
    "favoriteFruit": "strawberry"
  },
  {
    "_id": "5811bce6f2daaaf4d200f3f2",
    "index": 3,
    "guid": "13b614c2-f090-4cd1-9ffc-dba79a1ed09e",
    "isActive": false,
    "balance": "$3,030.62",
    "picture": "http://placehold.it/32x32",
    "age": 20,
    "eyeColor": "blue",
    "name": "Stout Holt",
    "gender": "male",
    "company": "DREAMIA",
    "email": "stoutholt@dreamia.com",
    "phone": "+1 (833) 546-3312",
    "address": "563 Withers Street, Summerfield, New Hampshire, 3184",
    "about": "Quis occaecat velit dolor voluptate quis. Occaecat irure incididunt irure culpa aliqua nostrud officia laborum nostrud mollit. Ad qui anim velit officia.\r\n",
    "registered": "2015-11-26T10:11:51 +05:00",
    "latitude": -69.843878,
    "longitude": 35.63155,
    "tags": [
      "sunt",
      "non",
      "sint",
      "ipsum",
      "est",
      "ea",
      "anim"
    ],
    "friends": [
      {
        "id": 0,
        "name": "Hudson Quinn"
      },
      {
        "id": 1,
        "name": "Gracie Love"
      },
      {
        "id": 2,
        "name": "Lakisha Espinoza"
      }
    ],
    "greeting": "Hello, Stout Holt! You have 7 unread messages.",
    "favoriteFruit": "strawberry"
  },
  {
    "_id": "5811bce6484bddf8af5dab52",
    "index": 4,
    "guid": "90e210e4-b0ef-4328-a14d-48c92a46072b",
    "isActive": false,
    "balance": "$2,914.22",
    "picture": "http://placehold.it/32x32",
    "age": 21,
    "eyeColor": "brown",
    "name": "Tommie Randolph",
    "gender": "female",
    "company": "STRALOY",
    "email": "tommierandolph@straloy.com",
    "phone": "+1 (846) 446-2297",
    "address": "887 Herbert Street, Harborton, Oklahoma, 4657",
    "about": "Culpa cupidatat esse commodo consectetur mollit deserunt Lorem aute magna deserunt cillum. Ipsum officia do incididunt nulla adipisicing culpa laborum incididunt nisi in aliqua. Commodo aliqua esse occaecat in proident aute elit in officia. Ut proident id aute duis ut esse anim non consequat ea. Occaecat sunt laboris et qui quis qui sit ut elit et sunt proident. Aliqua ex excepteur culpa consequat excepteur velit consequat aliqua. Laboris dolore laborum duis occaecat sit laborum non excepteur.\r\n",
    "registered": "2014-04-14T08:40:00 +04:00",
    "latitude": -56.770081,
    "longitude": -71.683376,
    "tags": [
      "anim",
      "non",
      "fugiat",
      "veniam",
      "culpa",
      "minim",
      "sunt"
    ],
    "friends": [
      {
        "id": 0,
        "name": "Delaney Goodman"
      },
      {
        "id": 1,
        "name": "Vance Johns"
      },
      {
        "id": 2,
        "name": "Sheppard Rowland"
      }
    ],
    "greeting": "Hello, Tommie Randolph! You have 8 unread messages.",
    "favoriteFruit": "strawberry"
  },
  {
    "_id": "5811bce6612c4835d5154f97",
    "index": 5,
    "guid": "50b9a2ce-f8fd-4b98-b2ff-926e7bac66c6",
    "isActive": false,
    "balance": "$3,305.89",
    "picture": "http://placehold.it/32x32",
    "age": 23,
    "eyeColor": "blue",
    "name": "Deann Mayo",
    "gender": "female",
    "company": "DANCITY",
    "email": "deannmayo@dancity.com",
    "phone": "+1 (921) 437-2548",
    "address": "521 Brightwater Court, Cumminsville, Wisconsin, 5560",
    "about": "Adipisicing aute tempor laboris aliquip duis. Consectetur aliqua occaecat sint enim ex amet eiusmod amet. Aute culpa fugiat nisi eu est ea adipisicing occaecat enim ut dolor in. Ullamco aliqua irure aliqua fugiat adipisicing dolor eu consectetur.\r\n",
    "registered": "2015-08-30T05:27:50 +04:00",
    "latitude": 13.06047,
    "longitude": -160.330357,
    "tags": [
      "laborum",
      "ex",
      "do",
      "exercitation",
      "officia",
      "Lorem",
      "reprehenderit"
    ],
    "friends": [
      {
        "id": 0,
        "name": "Copeland Valdez"
      },
      {
        "id": 1,
        "name": "Allie Merrill"
      },
      {
        "id": 2,
        "name": "Amanda Stokes"
      }
    ],
    "greeting": "Hello, Deann Mayo! You have 6 unread messages.",
    "favoriteFruit": "banana"
  }
]
